Job Title,Company,Location,Date Posted
Senior Python Developer,"Payne, Roberts And Davis","Stewartbury, Aa",2021-04-08
Energy Engineer,Vasquez-Davidson,"Christopherville, Aa",2021-04-08
Legal Executive,"Jackson, Chambers And Levy","Port Ericaburgh, Aa",2021-04-08 
Fitness Centre Manager,Savage-Bradley,"East Seanview, Ap",2021-04-08
Product Manager,Ramirez Inc,"North Jamieview, Ap",2021-04-08
Medical Technical Officer,Rogers-Yates,"Davidville, Ap",2021-04-08
Physiological Scientist,Kramer-Klein,"South Christopher, Ae",2021-04-08
Textile Designer,Meyers-Johnson,"Port Jonathan, Ae",2021-04-08
Television Floor Manager,Hughes-Williams,"Osbornetown, Ae",2021-04-08
Waste Management Officer,"Jones, Williams And Villa","Scotttown, Ap",2021-04-08
Software Engineer (Python),Garcia Plc,"Ericberg, Ae",2021-04-08
Interpreter,Gregory And Sons,"Ramireztown, Ae",2021-04-08
Architect,"Clark, Garcia And Sosa","Figueroaview, Aa",2021-04-08
Meteorologist,Bush Plc,"Kelseystad, Aa",2021-04-08
Audiological Scientist,Salazar-Meyers,"Williamsburgh, Ae",2021-04-08
English As A Second Language Teacher,"Parker, Murphy And Brooks","Mitchellburgh, Ae",2021-04-08
Surgeon,Cruz-Brown,"West Jessicabury, Aa",2021-04-08
Equities Trader,Macdonald-Ferguson,"Maloneshire, Ae",2021-04-08
Newspaper Journalist,"Williams, Peterson And Rojas","Johnsonton, Aa",2021-04-08
Materials Engineer,Smith And Sons,"South Davidtown, Ap",2021-04-08
Python Programmer (Entry-Level),"Moss, Duncan And Allen","Port Sara, Ae",2021-04-08
Product/Process Development Scientist,Gomez-Carroll,"Marktown, Aa",2021-04-08
"Scientist, Research (Maths)","Manning, Welch And Herring","Laurenland, Ae",2021-04-08
Ecologist,"Lee, Gutierrez And Brown","Lauraton, Ap",2021-04-08
Materials Engineer,"Davis, Serrano And Cook","South Tammyberg, Ap",2021-04-08
Historic Buildings Inspector/Conservation Officer,Smith Llc,"North Brandonville, Ap",2021-04-08
Data Scientist,Thomas Group,"Port Robertfurt, Aa",2021-04-08
Psychiatrist,Silva-King,"Burnettbury, Ae",2021-04-08
Structural Engineer,Pierce-Long,"Herbertside, Aa",2021-04-08
Immigration Officer,Walker-Simpson,"Christopherport, Ap",2021-04-08
Python Programmer (Entry-Level),Cooper And Sons,"West Victor, Ae",2021-04-08
Neurosurgeon,"Donovan, Gonzalez And Figueroa","Port Aaron, Ap",2021-04-08
Broadcast Engineer,"Morgan, Butler And Bennett","Loribury, Aa",2021-04-08
Make,Snyder-Lee,"Angelastad, Ap",2021-04-08
"Nurse, Adult",Harris Plc,"Larrytown, Ae",2021-04-08
Air Broker,Washington Plc,"West Colin, Ap",2021-04-08
"Editor, Film/Video","Brown, Price And Campbell","West Stephanie, Ap",2021-04-08
"Production Assistant, Radio",Mcgee Plc,"Laurentown, Ap",2021-04-08
"Engineer, Communications",Dixon Inc,"Wrightberg, Ap",2021-04-08
Sales Executive,"Thompson, Sheppard And Ward","Alberttown, Ae",2021-04-08
Software Developer (Python),Adams-Brewer,"Brockburgh, Ae",2021-04-08
Futures Trader,Schneider-Brady,"North Jason, Ae",2021-04-08
Tour Manager,Gonzales-Frank,"Arnoldhaven, Ae",2021-04-08
Cytogeneticist,Smith-Wong,"Lake Destiny, Ap",2021-04-08
"Designer, Multimedia",Pierce-Herrera,"South Timothyburgh, Ap",2021-04-08
Trade Union Research Officer,"Aguilar, Rivera And Quinn","New Jimmyton, Ae",2021-04-08
"Chemist, Analytical","Lowe, Barnes And Thomas","New Lucasbury, Ap",2021-04-08
"Programmer, Multimedia","Lewis, Gonzalez And Vasquez","Port Cory, Ae",2021-04-08
"Engineer, Broadcasting (Operations)",Taylor Plc,"Gileston, Aa",2021-04-08
"Teacher, Primary School","Oliver, Jones And Ramirez","Cindyshire, Aa",2021-04-08
Python Developer,Rivera And Sons,"East Michaelfort, Aa",2021-04-08
Manufacturing Systems Engineer,Garcia Plc,"Joybury, Ae",2021-04-08
"Producer, Television/Film/Video","Johnson, Wells And Kramer","Emmatown, Ae",2021-04-08
"Scientist, Forensic",Gonzalez Llc,"Colehaven, Ap",2021-04-08
Bonds Trader,"Morgan, White And Macdonald","Port Coryton, Ae",2021-04-08
Editorial Assistant,Robinson-Fitzpatrick,"Amyborough, Aa",2021-04-08
Photographer,"Waters, Wilson And Hoover","Reynoldsville, Aa",2021-04-08
Retail Banker,Hill Llc,"Port Billy, Ap",2021-04-08
Jewellery Designer,Li-Gregory,"Adamburgh, Aa",2021-04-08
Ophthalmologist,"Fisher, Ryan And Coleman","Wilsonmouth, Aa",2021-04-08
"Back-End Web Developer (Python, Django)",Stewart-Alexander,"South Kimberly, Aa",2021-04-08
Licensed Conveyancer,Abbott And Sons,"Benjaminland, Ap",2021-04-08
Futures Trader,"Bryant, Santana And Davenport","Zacharyport, Aa",2021-04-08
Counselling Psychologist,Smith Plc,"Port Devonville, Ae",2021-04-08
Insurance Underwriter,Patterson-Singh,"East Thomas, Ae",2021-04-08
"Engineer, Automotive",Martinez-Berry,"New Jeffrey, Ap",2021-04-08
"Producer, Radio","May, Taylor And Fisher","Davidside, Aa",2021-04-08
Dispensing Optician,"Bailey, Owen And Thompson","Jamesville, Aa",2021-04-08
"Designer, Fashion/Clothing",Vasquez Ltd,"New Kelly, Ap",2021-04-08
Chartered Loss Adjuster,Leblanc Llc,"Lake Antonio, Aa",2021-04-08
"Back-End Web Developer (Python, Django)","Jackson, Ali And Mckee","New Elizabethside, Aa",2021-04-08
Forest/Woodland Manager,"Blankenship, Knight And Powell","Millsbury, Ae",2021-04-08
Clinical Cytogeneticist,"Patton, Haynes And Jones","Lloydton, Ap",2021-04-08
Print Production Planner,Wood Inc,"Port Jeremy, Aa",2021-04-08
Systems Developer,Collins Group,"New Elizabethtown, Aa",2021-04-08
Graphic Designer,Flores-Nelson,"Charlesstad, Ae",2021-04-08
Writer,"Mitchell, Jones And Olson","Josephbury, Ae",2021-04-08
Field Seismologist,Howard Group,"Seanfurt, Aa",2021-04-08
Chief Strategy Officer,Kramer-Edwards,"Williambury, Aa",2021-04-08
Air Cabin Crew,Berry-Houston,"South Jorgeside, Ap",2021-04-08
Python Programmer (Entry-Level),Mathews Inc,"Robertborough, Ap",2021-04-08
Warden/Ranger,Riley-Johnson,"South Saratown, Ap",2021-04-08
Sports Therapist,Spencer And Sons,"Hullview, Aa",2021-04-08
Arts Development Officer,Camacho-Sanchez,"Philipland, Ap",2021-04-08
Printmaker,Oliver And Sons,"North Patty, Ae",2021-04-08
Health And Safety Adviser,Eaton Plc,"North Stephen, Ae",2021-04-08
Manufacturing Systems Engineer,Stanley-Frederick,"Stevensland, Ap",2021-04-08
"Programmer, Applications",Bradley Llc,"Reyesstad, Ae",2021-04-08
Medical Physicist,"Parker, Goodwin And Zavala","Bellberg, Ap",2021-04-08
Media Planner,Kim-Miles,"North Johnland, Ae",2021-04-08
Software Developer (Python),Moreno-Rodriguez,"Martinezburgh, Ae",2021-04-08
"Surveyor, Land/Geomatics",Brown-Ortiz,"Joshuatown, Ae",2021-04-08
Legal Executive,Hartman Plc,"West Ericstad, Aa",2021-04-08
"Librarian, Academic",Brooks Inc,"Tuckertown, Ae",2021-04-08
Barrister,Washington-Castillo,"Perezton, Ae",2021-04-08
Museum/Gallery Exhibitions Officer,"Nguyen, Yoder And Petty","Lake Abigail, Ae",2021-04-08
"Radiographer, Diagnostic",Holder Llc,"Jacobshire, Ap",2021-04-08
Database Administrator,Yates-Ferguson,"Port Susan, Ae",2021-04-08
Furniture Designer,Ortega-Lawrence,"North Tiffany, Aa",2021-04-08
Ship Broker,"Fuentes, Walls And Castro","Michelleville, Ap",2021-04-08
